original_name,tiba_name,tiba_slug,category,emporium_id,image_filename,material,origin,dimensions,thickness,description
Calacatta Paonazzo,Venetian Plume,venetian-plume,Marble,400,WhatsApp_Image_2025-07-21_at_14.27.02_1.jpeg,Marble,Italy,+/- 318 x 199cm,± 2cm,A luminous white marble with bold violet-grey veining that sweeps across the surface like brushstrokes on canvas. Ideal for statement pieces and dramatic focal points.
Golden Raddix,Soleil Radiant,soleil-radiant,Marble,269,Golden_Raddix.jpg,Marble,Turkey,"± 2,880 x 1,540 cm",± 2cm,A warm golden marble laced with honeyed veining and amber undertones. Evokes the glow of late afternoon sun on ancient stone.
Palissandro Classico Extra,Palissandro Regale,palissandro-regale,Marble,362,WhatsApp_Image_2025-07-02_at_13.28.42.jpeg,Marble,Italy,,± 2cm,An extraordinary bookmatched marble in warm taupe and grey tones with flowing linear veins. The quintessence of classical Italian sophistication.
Calacatta Lincoln,Calacatta Sovrano,calacatta-sovrano,Marble,183,CALACATTA_LINCOLN_MARMER.jpg,Marble,Italy,,,A prestigious white marble with bold golden-grey veining that commands attention. Each slab tells a story of geological grandeur.
Arabescato Chorcia,Arabesco Reale,arabesco-reale,Marble,308,Arabescato_Chorcia.jpeg,Marble,Italy,"± 3,050 x 1,280 cm",± 2cm,An Italian masterwork of swirling grey arabesques dancing across a luminous white field. The veining moves like smoke captured in stone.
Arabescato Vagli,Arabesco Nuvola,arabesco-nuvola,Marble,194,ARABESCATO_VAGLI_MARMER_1.jpg,Marble,Italy,"± 2,870 x 1,920 cm",± 2cm,Delicate grey clouds of veining drift across a pristine white ground. A softer expression of the arabescato tradition with ethereal depth.
Statuario Classico Premium,Statuario Maestoso,statuario-maestoso,Marble,374,,Marble,Italy,+/- 250 x 145cm,± 2cm,The pinnacle of Statuario selection with dramatic grey veining on an ice-white canvas. Reserved for the most discerning installations.
Statuario Classico Extra,Statuario Nobile,statuario-nobile,Marble,372,,Marble,Italy,+/- 247 x 140cm,± 2cm,A refined Statuario of exceptional clarity with elegant grey-violet veining. The marble of Renaissance masters brought into the modern age.
Ariston White,Bianco Ariston,bianco-ariston,Marble,13,product-marble-white-large-5.jpg,Marble,Greece,,,"A crystalline white marble of remarkable purity with subtle grey wisps. Clean, luminous, and timelessly elegant."
Sivec White,Bianco Imperiale,bianco-imperiale,Marble,61,product-marble-white-large-7.jpg,Marble,North Macedonia,,,One of the world's purest white marbles with an almost translucent quality. A canvas of absolute serenity for minimalist spaces.
Bianco Gioa,Bianco Gioia Pura,bianco-gioia-pura,Marble,60,product-marble-white-large-9.jpg,Marble,Italy,,,A soft white marble with gentle grey veining that whispers rather than shouts. Brings quiet warmth to contemporary interiors.
White Clara,Clara Bianca,clara-bianca,Marble,355,White_Clara.png,Marble,Turkey,,,A pristine white marble with fine dove-grey veining creating a delicate filigree pattern. Understated beauty for refined surfaces.
Clara White,Clara Candida,clara-candida,Marble,12,White_Clara_Marmer.jpg,Marble,Turkey,,,A luminous white canvas with soft grey movement throughout. Versatile and refined for both classical and contemporary applications.
Bianco Rhino,Rinoceronte Bianco,rinoceronte-bianco,Marble,187,BIANCO_RHINO_MARMER.jpg,Marble,Turkey,,,A robust white marble with distinctive grey patterning that evokes raw natural power. Bold yet sophisticated in character.
Clarissa White,Clarissa Neve,clarissa-neve,Marble,111,Clarisa_White_Marmer.jpg,Marble,Turkey,,,A snow-white marble with the faintest silver threads running through its depths. Purity personified in natural stone.
Bianco Maya,Maya Bianca,maya-bianca,Marble,188,Bianco_Maya_Marmer_1.jpg,Marble,Turkey,,,A warm white marble with flowing grey-beige veins that recall ancient civilizations. Rich in character with an archaeological mystique.
Calacatta Dolomiti,Calacatta delle Alpi,calacatta-delle-alpi,Marble,314,Calacatta_Dolomiti_2.jpg,Marble,Italy,"± 2,890 x 1,890 cm",± 2cm,A majestic Calacatta variant with bold architectural veining against a warm white ground. Carries the grandeur of the Dolomite mountains.
Bianco Marmara,Marmara Perla,marmara-perla,Marble,192,Bianco_Marmara_marmer_1.jpg,Marble,Turkey,,,A creamy white marble with soft grey banding that flows like gentle waves. The warmth of the Marmara Sea captured in stone.
Calacatta Dolomiti Bookmatch,Calacatta Specchio Alpino,calacatta-specchio-alpino,Marble,334,calacatta_dolomiti_book.jpg,Marble,Italy,,± 2cm,A mirror-matched masterpiece revealing symmetrical veining patterns of extraordinary drama. Two slabs united in perfect geological harmony.
Bianco Dolomiti,Dolomiti Candore,dolomiti-candore,Marble,196,BIANCO_DOLOMITI_MARMER_1.jpg,Marble,Turkey,,,A clean white marble with subtle grey undertones and fine crystalline structure. The embodiment of alpine purity.
Zebra White,Zèbre Blanc,zebre-blanc,Marble,205,Zebra_White_edt.jpg,Marble,Turkey,,,Striking parallel bands of white and grey create a rhythmic pattern of mesmerizing regularity. A bold choice for feature walls and statement surfaces.
Elizabeth White,Elisabetta Reale,elisabetta-reale,Marble,10,ELIZABETH_WHITE_MARMER.jpg,Marble,Turkey,,,A regal white marble with graceful grey veining befitting its royal namesake. Timeless elegance for distinguished interiors.
Snow White,Neve Eterna,neve-eterna,Marble,197,Snow_White_Marmer.jpg,Marble,Turkey,,,An immaculate white marble as pure as fresh snowfall. Its crystalline surface catches light with a soft inner luminosity.
White Lilac,Lilla Bianca,lilla-bianca,Marble,200,White_Lilac_Edt.jpg,Marble,Turkey,,,A delicate white marble kissed with the faintest lilac and mauve undertones. Feminine and ethereal with a romantic sensibility.
White Pearl,Perla Celeste,perla-celeste,Marble,204,White_Pearl_Marmer.jpg,Marble,Turkey,,,A lustrous white marble with a pearlescent quality that shimmers under changing light. Soft grey veining adds depth without disruption.
Statuario Venatino Extra,Statuario Venatino Supremo,statuario-venatino-supremo,Marble,354,Statuario_Venatino_Extra.png,Marble,Italy,,,An exceptional Statuario with fine elongated veins of grey and gold on brilliant white. The most refined expression of Carrara's treasures.
Macedonia White,Macedonia Luminosa,macedonia-luminosa,Marble,352,Macedonia_White.png,Marble,North Macedonia,,,A bright white marble with clean aesthetic and minimal veining from the ancient quarries of Macedonia. Serene and contemplative.
Macedonia White 2,Macedonia Cristallo,macedonia-cristallo,Marble,203,Macedonia_White_blok_13445.jpg,Marble,North Macedonia,"+/- 2,720 x 1,820 cm","1,8cm",A second selection from Macedonia's premier quarries offering slightly bolder crystalline character. Pure white with subtle geological whispers.
Calacatta Black Extra,Calacatta Nero Supremo,calacatta-nero-supremo,Marble,335,calacatta_nero_extra_book.jpg,Marble,Italy,,2cm,A dramatic inversion of the classic Calacatta with luminous white veining on deep black ground. Unapologetically bold and theatrically beautiful.
Statuario Premium,Statuario Regio,statuario-regio,Marble,353,Statuario_Premium.png,Marble,Italy,,,A premium grade Statuario with powerful grey veining that flows with architectural purpose. The marble of choice for grand entrances and feature walls.
Athena White,Atena Divina,atena-divina,Marble,350,Athena_White.png,Marble,Greece,,,A Grecian white marble of divine clarity with subtle silver threading. Carries the wisdom and beauty of its mythological namesake.
Columbia White,Colombia Bianca,colombia-bianca,Marble,322,IMG_20230502_140107.jpg,Marble,Turkey,,2cm,A bright white marble with soft grey cloud-like formations drifting across its surface. Fresh and contemporary with natural grace.
Panda White,Panda Imperiale,panda-imperiale,Marble,198,panda_white_2.jpg,Marble,China,"+/- 3,030 x 1,850 cm",2cm,A striking contrast marble with bold black veining on crisp white ground. Graphic and contemporary with undeniable visual impact.
Calacatta Black,Calacatta Notturno,calacatta-notturno,Marble,83,IMG20220816134556.jpg,Marble,Italy,"+/- 3,260 x 1,930 cm",2cm,A dramatic dark marble with white calcite veining that glows against the black depths. Creates an atmosphere of nocturnal sophistication.
Statuario Classico Extra 2,Statuario Classico Secondo,statuario-classico-secondo,Marble,283,IMG20220813095123.jpg,Marble,Italy,"+/- 2,840 x 1,880 cm",2cm,A distinguished Statuario selection with refined veining in soft grey tones. Classical Italian marble craft at its most eloquent.
Palisandro Classico,Palissandro Antico,palissandro-antico,Marble,234,Palisandro_2_edt.jpg,Marble,Italy,"+/- 3,230 x 1,650 cm",2cm,A warm brown marble with elegant linear veining in taupe and cream. Rich and layered like aged rosewood with geological depth.
Calacatta Portogalo,Calacatta Dorato,calacatta-dorato,Marble,252,calacatta_portogalo.jpg,Marble,Portugal,"+/- 2,930 x 1,790 cm",2cm,A warm Calacatta variant with golden-honey veining on a cream-white canvas. Portuguese warmth meets Italian nomenclature in this sun-drenched stone.
Dalmation White,Dalmata Bianco,dalmata-bianco,Marble,286,Dalmatian_white.jpg,Marble,Turkey,"+/- 3,030 x 1,800 cm",2cm,A playful white marble with scattered dark spots and patches creating a distinctive organic pattern. Bold personality for creative installations.
White Thassos,Thassos Diamante,thassos-diamante,Marble,326,THASOS.jpg,Marble,Greece,"± 2,490 x 1,540 cm",2cm,One of the world's most renowned white marbles from the Greek island of Thassos. Crystalline purity with a diamond-like sparkle.
Prada White,Bianco Couture,bianco-couture,Marble,233,prada_white_edt.jpg,Marble,Turkey,"+/- 2,910 x 1,600 cm","1,8 cm",A fashion-forward white marble with sophisticated grey veining that exudes runway elegance. Where haute couture meets natural stone.
Statuario Campanili,Statuario dei Campanili,statuario-dei-campanili,Marble,195,Statuario_Canpanili_Extra_Blok_911-22.jpg,Marble,Italy,"+/- 2,990 x 1,580 cm","1,8cm",A magnificent Statuario with bold dramatic veining reminiscent of Italian bell tower architecture. Monumental in presence and character.
Isabella White,Isabella d'Avorio,isabella-davorio,Marble,325,Isabella.jpg,Marble,Turkey,,± 2cm,A warm ivory-white marble with gentle veining that recalls Renaissance portraiture. Soft and luminous with old-world charm.
Calacatta Nero,Calacatta Oscuro,calacatta-oscuro,Marble,351,Calacatta_Nero.png,Marble,Italy,,,A bold black marble with signature Calacatta-style white veining. The dark twin of Italy's most celebrated marble family.
Angelina White bookmatch,Angelina Specchio,angelina-specchio,Marble,327,Angelina_White_LFT506_Bookmatch.png,Marble,Turkey,± 269 x 189 cm,,A bookmatched white marble creating perfect mirror symmetry with flowing grey veins. Architectural poetry written in stone.
Bianco Olympus,Olimpo Bianco,olimpo-bianco,Marble,255,Bianco_Olympus.jpeg,Marble,Greece,"+/- 3,180 x 1,710 cm","1,8 cm",A white marble from the mythical mountain with silver-grey veining of Olympian grandeur. Fit for the halls of the gods.
Nestos,Nestos Fluviale,nestos-fluviale,Marble,199,Nestos_Marmer_1.jpg,Marble,Greece,"+/- 2,810 x 1,230 cm","1,8 cm",A distinctive grey-brown marble with dramatic white veining that flows like a mountain river. Named for the ancient Greek waterway it evokes.
Bianco Alexandra,Alessandra Reale,alessandra-reale,Marble,272,20220126_160554.jpg,Marble,Turkey,"+/- 2,840 x 1,480 cm",2cm,A noble white marble with refined grey-beige veining creating an aristocratic surface. Quiet confidence in every square centimetre.
Bianco Turco,Bianco d'Anatolia,bianco-danatolia,Marble,185,Bianco_Turco_Marmer_2.jpg,Marble,Turkey,"+/- 2,600 x 1,300 cm",2cm,A warm white marble from Anatolia with soft grey movement and creamy undertones. Ancient land yielding stone of modern relevance.
Statuario Fantastico,Statuario Mirabile,statuario-mirabile,Marble,291,Statuario_Fantastico.jpg,Marble,Italy,"+/- 3,180 x 1,810 cm","1,8 cm",A fantastical Statuario with unusually bold and expressive veining patterns. Where classical Italian marble becomes contemporary art.
Calacatta Gold,Calacatta Aureo,calacatta-aureo,Marble,201,CALACATTA_GOLD_MARMER_1.jpg,Marble,Italy,"± 2,960 x 1,970 cm",± 2cm,The golden crown of the Calacatta family with warm amber and honey veining on brilliant white. The ultimate expression of Italian marble luxury.
Calacatta Corchia,Calacatta Corchia Puro,calacatta-corchia-puro,Marble,184,Calacatta_Chorcia_Marmer_1.jpg,Marble,Italy,,,A refined Calacatta from the Corchia quarries with elegant grey-gold veining. Pure Italian provenance with impeccable geological pedigree.
Angelina White,Angelina Candida,angelina-candida,Marble,267,Angelina_white_LFT_299.jpg,Marble,Turkey,"+/- 2,430 x 1,420 cm",2cm,A graceful white marble with soft flowing veins in silver and grey. Angelic in its purity with a gentle luminous quality.
Golden Marquina,Marquina Dorata,marquina-dorata,Marble,403,,Marble,Spain,,2cm,A rare variant of the famed Marquina with golden calcite veins threading through jet-black depths. Opulent darkness illuminated by precious metallic light.
Ice Black,Nero Glaciale,nero-glaciale,Marble,402,,Marble,Turkey,+/- 289 x 187cm,2cm,A deep black marble with icy white crystalline veining that fractures across the surface. Cold elegance with the drama of a frozen midnight landscape.
Noir Aziza,Aziza Notte,aziza-notte,Marble,221,Noir_Aziza.jpg,Marble,Morocco,,,A rich black marble from North Africa with subtle golden-brown veining. Mysterious and warm like a Marrakech evening.
Serpe Black,Serpente Nero,serpente-nero,Marble,251,SERPE_BLACK.jpg,Marble,Italy,,,A dark marble with sinuous white veining that slithers across the surface like a silver serpent. Dynamic and alive with geological energy.
Snow Black,Neve Nera,neve-nera,Marble,16,snow_black.jpg,Marble,Turkey,,,A deep black marble with scattered white crystalline formations like snowflakes on obsidian. Poetic contrast in mineral form.
Saint Laurent,San Lorenzo Noir,san-lorenzo-noir,Marble,191,Saint_Lauren.jpeg,Marble,Italy,,,A luxurious black marble with dramatic gold veining that speaks of Parisian haute couture. The ultimate in dark sophistication.
Black Beauty,Bellezza Oscura,bellezza-oscura,Marble,247,edt.jpg,Marble,Turkey,"+/- 2,770 x 1,800 cm",2cm,A rich black marble of extraordinary depth with subtle grey undertones. Pure darkness refined to its most beautiful expression.
Black Antique,Antico Nero,antico-nero,Marble,229,Black_Antique_edt.jpg,Marble,Turkey,,,A weathered black marble with warm brown and grey undertones suggesting centuries of patina. Ancient dignity in every surface.
Michael Angelo,Michelangelo Divino,michelangelo-divino,Marble,238,Michael_Angelo_Marmer_edt.jpg,Marble,Turkey,,,A marble worthy of the master sculptor with dramatic veining in grey and white on dark ground. Renaissance grandeur captured in natural stone.
Belgium Black,Belgio Profondo,belgio-profondo,Marble,246,belgium_black.jpg,Marble,Belgium,,,A dense jet-black marble of exceptional purity from Belgian quarries. The deepest black in natural stone with a polished mirror-like finish.
Portoro Silver,Portoro Argento,portoro-argento,Marble,248,H03d410531b074ec2a8efd40e414e910aR.jpg,Marble,Italy,"+/- 2,850 x 1,790 cm",2cm,A prestigious marble combining deep black with silver-grey veining. A cooler interpretation of the legendary Portoro with contemporary allure.
Nero Marquina,Marquina Nobile,marquina-nobile,Marble,281,Nero_marquina_blok_SY973.jpg,Marble,Spain,,,Spain's most celebrated black marble with crisp white calcite veining. A timeless classic of the architectural stone world.
Nero Picaso,Nero Picasso,nero-picasso,Marble,17,NERO_PICASO.jpg,Marble,Turkey,,,A dark marble with abstract white brushstrokes worthy of its artistic namesake. Every slab a unique composition of natural abstraction.
Nepoleon Black,Napoleone Nero,napoleone-nero,Marble,323,Napoleon.jpg,Marble,Turkey,"+/- 1,820 x 1,860 cm",2cm,A commanding black marble with gold and white veining of imperial authority. Conqueror of any space it inhabits.
Saint Laurent 2,San Lorenzo Dorato,san-lorenzo-dorato,Marble,324,SAINT_LAURENT.jpg,Marble,Italy,"± 2,89 x 1,92 cm",2cm,A second selection of the iconic dark marble with even more pronounced golden veining. Parisian opulence elevated to its most expressive form.
Eramosa,Eramosa Seta,eramosa-seta,Marble,190,ERAMOSA_MARMER.jpg,Marble,Canada,,,A distinctive marble with fine linear striations in brown and grey creating a silk-like visual texture. Organic warmth with architectural precision.
Nero Marquina 2,Marquina Secondo,marquina-secondo,Marble,282,Nero_marquina_blok_DSCF31.jpg,Marble,Spain,,,A second selection from Spain's famed Marquina quarries with bolder white veining. Classic black marble with enhanced visual drama.
Black Fantasy,Fantasia Nera,fantasia-nera,Marble,230,Fantasy_Black_edt.jpg,Marble,Turkey,"+/- 2,890 x 1,820 cm",2cm,A dark marble alive with swirling grey and white fantasies across its surface. Where imagination meets geology in dramatic fashion.
Serpegiante Cream,Serpeggiante Crema,serpeggiante-crema,Marble,389,,Marble,Italy,,± 2cm,A warm cream marble with sinuous parallel veining in honey and taupe tones. Flowing linear beauty with Mediterranean warmth.
Serpegiantte Ciocolato,Serpeggiante Cioccolato,serpeggiante-cioccolato,Marble,213,Serpegiantte_Chocolato.jpg,Marble,Italy,"+/- 2,950 x 1,180 cm",2cm,A rich chocolate-brown marble with flowing parallel bands in cream and coffee tones. Indulgent warmth reminiscent of artisanal confections.
Creama CRD,Crema Regia,crema-regia,Marble,392,,Marble,Turkey,+/- 284 x 158cm,± 2cm,A refined cream marble with subtle warm veining and consistent colouring. Understated elegance for surfaces that demand quiet sophistication.
Moon Cream,Chiaro di Luna,chiaro-di-luna,Marble,394,,Marble,Turkey,,± 2cm,A luminous cream marble with the soft glow of moonlight captured in stone. Pale and ethereal with gentle warmth.
Sahama Beige,Sahara Dorato,sahara-dorato,Marble,391,,Marble,Turkey,,± 2cm,A warm beige marble with golden undertones evoking desert sands at golden hour. Timeless warmth for welcoming interiors.
Maranello Beige,Maranello Ambrato,maranello-ambrato,Marble,390,,Marble,Italy,+/- 242 x 142cm,± 2cm,A warm amber-beige marble with subtle movement named for the home of Italian excellence. Refined warmth with sporting pedigree.
Creama Margaretta Premium,Crema Margherita Prima,crema-margherita-prima,Marble,375,,Marble,Turkey,,± 2cm,A premium cream marble with delicate golden veining and warm ivory ground. The finest expression of the Margaretta quarry.
Creama Margaretta Premium 2,Crema Margherita Seconda,crema-margherita-seconda,Marble,376,,Marble,Turkey,,± 2cm,A second premium selection with slightly warmer tones and bolder cream-gold patterning. Consistent quality with individual character.
Sahara Beige,Sahara Miele,sahara-miele,Marble,393,,Marble,Turkey,,± 2cm,A honey-toned beige marble with soft flowing veins recalling desert dunes. Warmth and tranquillity in every surface.
Daino Reale,Daino Imperatore,daino-imperatore,Marble,15,daions_reale_edt.jpg,Marble,Italy,,,A warm beige marble with rich fossil content and golden-brown veining. Ancient marine life preserved in stone of regal bearing.
New Pearl,Perla Nuova,perla-nuova,Marble,212,new_pearl_edt.jpg,Marble,Turkey,,,A luminous cream marble with soft pearlescent quality and gentle beige undertones. Like morning light on oyster shells.
Sofitel Beige,Sofitel d'Or,sofitel-dor,Marble,341,sofitel_beige.png,Marble,Turkey,,,A luxurious beige marble with golden veining suggesting five-star refinement. Warm hospitality expressed in natural stone.
Noble Beige,Nobile Crema,nobile-crema,Marble,328,Noble_beige_blok_DLX070107_1.jpg,Marble,Turkey,± 260 x 195 cm,,A distinguished beige marble with fine gold threading on a warm cream canvas. Aristocratic restraint with natural warmth.
Vanilla Light,Vaniglia Chiara,vaniglia-chiara,Marble,245,Vanila_Light.jpg,Marble,Turkey,"+/- 2,850 x 1,340 cm",2cm,A pale vanilla marble with the softest cream tones and minimal veining. Sweet simplicity for serene contemplative spaces.
Empire Beige,Impero Beige,impero-beige,Marble,211,Empire_Beige_edt.jpg,Marble,Turkey,,,A warm beige marble with golden-brown veining of imperial grandeur. Classic Ottoman aesthetic meets contemporary design sensibility.
Creama Marfil,Crema d'Avorio,crema-davorio,Marble,209,Creama_marfil.jpg,Marble,Spain,,,Spain's beloved cream marble with uniform warm colouring and subtle fossil textures. The world's most trusted beige stone for good reason.
Creama Livina,Crema Liviana,crema-liviana,Marble,208,Creama_Livina.jpg,Marble,Turkey,,,A light cream marble with gentle movement and warm undertones. Effortless elegance that complements rather than competes.
Cosmos Beige,Cosmo Beige,cosmo-beige,Marble,207,Cosmos_Beige_etd.jpg,Marble,Turkey,,,A warm beige marble with swirling cosmic patterns in cream and gold. The universe writ small in natural stone.
Botticino,Botticino Classico,botticino-classico,Marble,206,Botticino_edt.jpg,Marble,Italy,,,Italy's iconic warm beige marble with fine cream veining and subtle fossil detail. Timeless warmth used in masterworks for centuries.
Creama Beige,Crema Naturale,crema-naturale,Marble,108,Cream_Beige_edt.jpg,Marble,Turkey,,,A versatile cream-beige marble of consistent warm tone and gentle texture. The foundation stone for harmonious interior palettes.
Noble Beige 2,Nobile Sabbia,nobile-sabbia,Marble,329,IMG_20230612_103659.jpg,Marble,Turkey,± 260 x 195 cm,,A sandy beige marble with refined veining and warm golden undertones. A second noble selection with slightly more pronounced character.
Serpegiantte Dark Grey,Serpeggiante Grigio Scuro,serpeggiante-grigio-scuro,Marble,120,Serpegiantte_Dark_Grey_Marmer.jpg,Marble,Italy,,,A moody dark grey marble with sinuous parallel veining in charcoal and silver. Dramatic linear movement with brooding intensity.
Serpegiantte Light Grey,Serpeggiante Grigio Chiaro,serpeggiante-grigio-chiaro,Marble,121,Serpegiantte_Light_Grey_Marmer.jpg,Marble,Italy,,,A lighter expression of the Serpeggiante family with flowing grey-silver bands. Gentle movement and cool sophistication.
Bardiglio Imperial,Bardiglio Imperiale,bardiglio-imperiale,Marble,18,Bardiglio_imperiale_edt.jpg,Marble,Italy,,,A distinguished medium-grey marble with darker veining from the Carrara region. The aristocrat of grey Italian marbles.
Grigio Carnico,Carnico Tempesta,carnico-tempesta,Marble,344,Grigio_Carnico_1.png,Marble,Italy,,,A dramatic dark grey marble from the Carnic Alps with white and silver veining like lightning through storm clouds. Raw alpine power.
Arabescato Orobico,Orobico Magnifico,orobico-magnifico,Marble,227,Arabescato_orobico_2_edt.jpg,Marble,Italy,,,An extraordinary marble with bold grey arabesques on a dark ground from the Bergamo region. One of Italy's most dramatic natural stones.
Astra Grey,Astra Grigio,astra-grigio,Marble,398,,Marble,Turkey,,± 2cm,A refined grey marble with celestial silver undertones and fine veining. Cool and contemporary with star-touched luminosity.
Grigio Imperiale,Grigio Maestà,grigio-maesta,Marble,115,Grigio_Imperiale_Marmer.jpg,Marble,Turkey,,,A majestic grey marble with darker veining creating depth and dimension. Imperial bearing with modern versatility.
Ocean Storm,Tempesta Marina,tempesta-marina,Marble,396,,Marble,Turkey,+/- 313 x 168cm,± 2cm,A dynamic grey marble with swirling white veins like seafoam in a tempest. The raw power of the ocean frozen in stone.
Classic Grey,Grigio Classico,grigio-classico,Marble,113,Classic_Grey_Marmer.jpg,Marble,Turkey,,,A timeless medium-grey marble with balanced veining and consistent tone. The dependable foundation for sophisticated grey palettes.
Laurent Grey,Laurent Grigio,laurent-grigio,Marble,348,Laurent_Grey.png,Marble,Turkey,,,A refined grey marble with elegant darker veining recalling Parisian limestone. Sophisticated and urbane with continental character.
Grey Emperador,Emperador Cenere,emperador-cenere,Marble,320,Grey_Emperador._2.jpg,Marble,Turkey,,± 2cm,A grey-brown marble with warm undertones from the Emperador family. Where the warmth of brown meets the coolness of grey.
Emperador Grey Dark,Emperador Grigio Profondo,emperador-grigio-profondo,Marble,241,grey_emperador.jpg,Marble,Turkey,"± 2,330 x 1,680 cm",2cm,A deep grey-brown Emperador with rich warm undertones and subtle fossil patterns. Brooding warmth with ancient character.
Symphony Grey,Sinfonia Grigia,sinfonia-grigia,Marble,321,Symphoni_Greu.jpg,Marble,Turkey,± 302 x 188 cm,± 2cm,A harmonious grey marble with flowing veins that move like a musical composition. Where geology becomes symphony.
Tundra Grey,Tundra Grigia,tundra-grigia,Marble,67,Thundra_Grey_Marmer.jpg,Marble,Turkey,,,A cool grey marble with fine linear banding like frozen arctic strata. Clean Nordic aesthetic with natural warmth.
Thundra Grey,Tundra Argento,tundra-argento,Marble,289,thundra_grey.jpg,Marble,Turkey,,,A silver-toned grey marble with delicate banded patterning. Cool Scandinavian minimalism expressed in Turkish stone.
Silver Fox,Volpe Argento,volpe-argento,Marble,122,Silver_Fosil_Marmer.jpg,Marble,Turkey,,,A silver-grey marble with distinctive fossil patterns and warm undertones. Where prehistoric marine life becomes decorative art.
Emperador Grey Light,Emperador Grigio Chiaro,emperador-grigio-chiaro,Marble,20,light_emperador_grey_blok_hs11103..jpg,Marble,Turkey,± 300 x 187 cm,± 2cm,A light grey marble with warm brown undertones from the Emperador lineage. Gentle and approachable with aristocratic pedigree.
Olive Grey,Oliva Grigia,oliva-grigia,Marble,318,Olive_Grey_2.jpg,Marble,Turkey,± 285 x 191 cm,± 2cm,A unique grey marble with olive-green undertones creating an earthy warmth. Natural and organic with understated character.
Fior Di Pesco,Fior di Pesco Carnico,fior-di-pesco-carnico,Marble,265,fior_di_pesco.jpg,Marble,Italy,"± 3,090 x 1,630 cm",± 2cm,A rare Italian marble in dusky pink and grey with dramatic white veining. Among the most coveted decorative stones in the world.
Elegant Grey,Grigio Elegante,grigio-elegante,Marble,319,Elgant_Grey2..jpg,Marble,Turkey,± 294 x 194 cm,± 2cm,"A refined grey marble with sophisticated darker veining and consistent tone. True to its name: elegant, poised, and versatile."
Luxury Grey,Grigio Lusso,grigio-lusso,Marble,302,IMG20220914091033.jpg,Marble,Turkey,"± 2,630 x 1,930 cm",± 2cm,A premium grey marble with rich depth and subtle warm undertones. Luxury made tangible in polished natural stone.
Whyndham Grey,Wyndham Grigio,wyndham-grigio,Marble,268,Wyndham_grey.jpg,Marble,Turkey,,,A distinguished grey marble with flowing veins and warm silver tones. English manor aesthetics in Mediterranean stone.
Fantasi Grey,Fantasia Grigia,fantasia-grigia,Marble,112,FANTASY_GREY_MARMER_1.jpg,Marble,Turkey,"+/- 2,030 x 1,980 cm",2cm,A grey marble alive with imaginative veining patterns in white and charcoal. Where geological fantasy becomes interior reality.
Thundra Grey 2,Tundra Nebbia,tundra-nebbia,Marble,303,thundra_grey_1.jpg,Marble,Turkey,"± 2,950 x 1,480 cm",2cm,A misty variation of the Tundra grey with softer banding and foggy transitions between tones. Arctic serenity in stone form.
Polisandro Grey,Palissandro Grigio,palissandro-grigio,Marble,347,Polisandro_Grey.png,Marble,Italy,,,A grey marble with distinctive linear grain reminiscent of aged timber. Where stone mimics wood in the most elegant fashion.
Hermes Grey,Hermès Cendré,hermes-cendre,Marble,345,Hermes_Grey.png,Marble,Turkey,,,A sophisticated grey marble with the refined aesthetic of a luxury fashion house. Ash-toned with impeccable natural patterning.
Italian Grey,Grigio Toscano,grigio-toscano,Marble,346,Italian_Grey.png,Marble,Italy,,,A classic Italian grey marble with warm undertones and gentle movement. The essence of Tuscan stone craft.
Pietra Serena,Pietra Serena Fiorentina,pietra-serena-fiorentina,Marble,119,Pietra_Serena_Marmer_2.jpg,Marble,Italy,"± 2,900 x 1,540 cm",± 2cm,The legendary blue-grey sandstone of Florence that frames Renaissance masterworks. Brunelleschi's stone brought into contemporary context.
Carlos Grey,Carlo Grigio,carlo-grigio,Marble,68,product-marble-grey-large-10.jpg,Marble,Turkey,1222 x 1000 cm,,A steady medium grey marble with consistent tone and fine movement. Reliable elegance for architectural continuity.
Astana Silver,Astana Argento,astana-argento,Marble,62,product-marble-grey-large-4.jpg,Marble,Turkey,,,A silver-toned grey marble with subtle crystalline sparkle. Cool Central Asian inspired elegance with metropolitan polish.
Romantic Grey,Grigio Romantico,grigio-romantico,Marble,63,Romantic_Grey_edt.jpg,Marble,Turkey,,,A soft grey marble with gentle flowing veins that whisper of tenderness. Where stone becomes poetry.
Oreo Grey,Grigio Biscotto,grigio-biscotto,Marble,65,Oreo_Grey_Marmer_edt.jpg,Marble,Turkey,,,A playful grey marble with contrasting dark and cream layers creating a distinctive banded pattern. Bold graphic appeal with natural charm.
Calacatta Grey,Calacatta Grigio,calacatta-grigio,Marble,110,Calacatta_Grey_Marmer.jpg,Marble,Italy,,,A grey interpretation of the Calacatta lineage with bold white veining on a grey canvas. Dramatic reversal of the classic white Calacatta.
Silver Grey,Argento Vivo,argento-vivo,Marble,66,Silver_Grey_1.jpg,Marble,Turkey,"± 2,280 x 1,540 cm",± 2cm,A luminous silver-grey marble with lively veining that catches the light. Quick silver energy in polished stone.
Rosa Valencia,Rosa di Valencia,rosa-di-valencia,Marble,71,product-marble-red-large-3.jpg,Marble,Spain,,,A warm rose-pink marble from Valencia with coral and salmon undertones. Spanish passion expressed in the gentlest blush of colour.
Guinness Red,Rosso Imperiale,rosso-imperiale,Marble,73,Guiness_Red_Marmer.jpg,Marble,Turkey,,,A deep red marble with rich burgundy tones and white veining. Bold and sanguine with the confidence of aged wine.
Rossa Portogallo,Rosso Lusitano,rosso-lusitano,Marble,163,Juparana_White_1.jpg,Marble,Portugal,+/- 263 x 152 cm,2cm,A warm rose-red marble from Portugal with golden undertones and lively veining. Atlantic warmth captured in Iberian stone.
Spring Rose,Rosa Primavera,rosa-primavera,Marble,72,Spring_Rose_Marmer.jpg,Marble,Turkey,,,A delicate pink marble with the freshness of spring blossoms. Soft and feminine with gentle veining like flower petals.
Rojo Alicante,Rosso d'Alicante,rosso-dalicante,Marble,70,product-marble-red-large-2.jpg,Marble,Spain,,,A vivid red marble from the Spanish coast with cream fossil fragments and white veining. The warmth of the Mediterranean sun in stone.
Tea Rose,Rosa del Tè,rosa-del-te,Marble,164,Tea_Rose_Marmer.jpg,Marble,Turkey,,,A soft rose marble with warm pink-beige tones reminiscent of Earl Grey afternoons. Refined and comforting with understated beauty.
Roso Levanto,Rosso Levanto Magnifico,rosso-levanto-magnifico,Marble,69,product-marble-red-large-1.jpg,Marble,Italy,,,A magnificent deep red marble from the Italian Riviera with dramatic white and green veining. One of Italy's most passionate stones.
Palissandro Bluette Polished,Palissandro Bluette Lucido,palissandro-bluette-lucido,Marble,405,,Marble,Italy,+/- 300 x 166cm,2cm,A rare blue-toned Palissandro marble with a polished finish revealing linear veining in steel blue and grey. Cool sophistication of the highest order.
Palissandro Bluette Leather,Palissandro Bluette Cuoio,palissandro-bluette-cuoio,Marble,404,,Marble,Italy,+/- 298 x 143cm,2cm,A leathered finish Palissandro in distinctive blue-grey tones with tactile matte texture. Where visual beauty meets sensory experience.
Fendi Blue,Blu Fendi,blu-fendi,Marble,366,,Marble,Turkey,,± 2cm,A rich blue-grey marble with the sophistication of Italian high fashion. Deep tonal complexity with an unmistakable couture sensibility.
Celeste Blue,Celeste Azzurro,celeste-azzurro,Marble,336,celeste_blue.jpg,Marble,Turkey,"3,080 x 1,930 cm",± 2cm,A heavenly blue marble with soft grey undertones and gentle veining. The colour of a clear Mediterranean sky at dawn.
Blue Roma,Roma Azzurra,roma-azzurra,Marble,332,blue_roma_4.jpg,Marble,Turkey,"± 3,01 x 1,76 cm",± 2cm,A rich blue marble with warm grey undertones evoking the twilight sky over the Eternal City. Romantic and deeply atmospheric.
King Blue,Blu Reale,blu-reale,Marble,77,King_Blue_Marmer1.jpg,Marble,Turkey,,,A commanding blue marble of royal intensity with white veining. The sovereign of blue natural stones.
Palisandro Nuvolato,Palissandro Nuvola,palissandro-nuvola,Marble,89,Palisandro_Nuvolato_Marmer.jpg,Marble,Italy,,,A cloud-like Palissandro marble with flowing blue-grey and brown tones. Gentle and atmospheric like an Italian mountain sky.
Palisandro Bronzo,Palissandro Bronzato,palissandro-bronzato,Marble,88,palisandro_bronzo_2.jpg,Marble,Italy,,,A warm bronze-toned Palissandro with linear veining in brown and gold. Rich metallic warmth with classical Italian lineage.
Blue Ocean,Oceano Blu,oceano-blu,Marble,280,Blue_Ocean_1.jpg,Marble,Turkey,,,A deep blue marble with swirling white veining like ocean waves cresting in sunlight. The vast Atlantic captured in polished stone.
Blue Crystal,Cristallo Blu,cristallo-blu,Marble,249,BLUE_CRYSTAL_2.jpg,Marble,Turkey,,,A brilliant blue marble with crystalline clarity and white veining. Translucent depths that shimmer like a mountain glacier.
Blue Roma Bookmatch,Roma Azzurra Specchio,roma-azzurra-specchio,Marble,333,blue_roma_bookmatch.jpg,Marble,Turkey,"± 3,01 x 1,76 cm",± 2cm,A bookmatched Blue Roma creating mesmerizing symmetrical patterns in deep blue and grey. Architectural drama doubled through mirror matching.
Blue Lagoon,Laguna Blu,laguna-blu,Marble,313,Blue_Lagoon.jpg,Marble,Turkey,"± 3,00 x 1,81 cm",± 2cm,A dreamy blue marble with soft turquoise undertones evoking tropical waters. Escapist beauty for luxurious bathing spaces.
Azul Cielo,Azzurro Cielo,azzurro-cielo,Marble,304,azul_cielo_edt2.jpg,Marble,Brazil,"± 3,060 x 1,900 cm",± 2cm,A celestial blue marble with soft white clouds of veining drifting across its surface. The sky made solid and brought indoors.
Blue Ondulato,Ondulato Zaffiro,ondulato-zaffiro,Marble,342,Blue_Ondulato.png,Marble,Turkey,,,A blue marble with distinctive undulating wave patterns creating rhythmic visual movement. The sea in perpetual motion frozen in stone.
Azul Calsite,Azzurro Calcite,azzurro-calcite,Marble,148,IMG20221012134612.jpg,Marble,Brazil,"+/- 3,100 x 1,860 cm",2cm,A striking blue marble with bold calcite formations creating dramatic white patterns. Geological drama in vivid aquatic tones.
Sky Blue,Cielo Sereno,cielo-sereno,Marble,90,Sky_Blue_Marmer.jpg,Marble,Turkey,,,A gentle sky-blue marble with soft white veining like cirrus clouds. Tranquil and uplifting with a meditative quality.
Crystal Blue,Blu Cristallino,blu-cristallino,Marble,87,Crystal_Blue_Marmer_edt.jpg,Marble,Turkey,,,A clear blue marble with crystalline transparency and prismatic light play. Where water and stone become indistinguishable.
Palisandro Bronzo 2,Palissandro Bronzo Secondo,palissandro-bronzo-secondo,Marble,239,Palisandro_Bronzo_Marmer.jpg,Marble,Italy,,,A second selection of the bronze Palissandro with slightly warmer metallic tones. Linear elegance with aged copper warmth.
Blue Jeans,Blu Denim,blu-denim,Marble,86,Blue_Jeans.png,Marble,Turkey,,,A casual blue marble with the relaxed indigo tones of washed denim. Contemporary cool with natural stone authenticity.
Alcatraz Blue,Alcatraz Azzurro,alcatraz-azzurro,Marble,85,Alcatraz_Blue.png,Marble,Turkey,,,A dramatic blue marble with bold veining creating an island of colour. Captivating intensity that holds the eye prisoner.
Light Emperador,Emperador Chiaro,emperador-chiaro,Marble,124,light_emperador_04.01.23.jpeg,Marble,Turkey,"± 2,620 x 1,350 cm",± 2cm,A warm light brown marble with honey and caramel veining from the noble Emperador family. Sun-warmed elegance with old-world pedigree.
Rainforest,Foresta Pluviale,foresta-pluviale,Marble,75,img-product-marble-brown-2.jpg,Marble,India,,,A rich brown marble with dramatic green and gold veining like a tropical canopy viewed from above. Exotic and untamed natural beauty.
Sky Rivera,Riviera Celeste,riviera-celeste,Marble,292,Sky_rivera.jpg,Marble,Turkey,"+/- 2,400 x 1,600 cm",2 cm,A soft blue-grey marble with warm undertones evoking the French Riviera at dawn. Where sky meets sea in stone form.
Portoro Gold China,Portoro Dorato Orientale,portoro-dorato-orientale,Marble,231,Portoro_Gold_China_edt.jpg,Marble,China,,,A dramatic black marble with bold golden veining inspired by the legendary Italian Portoro. Eastern interpretation of Western luxury.
Rosotika Brown,Rosotika Ambra,rosotika-ambra,Marble,250,ROBOSTIKA_BROWN.jpg,Marble,Turkey,,,A warm amber-brown marble with pink and cream undertones creating a unique rosewood character. Rich and inviting with distinctive personality.
Dark Emperador,Emperador Scuro,emperador-scuro,Marble,74,Dark_Emperador.jpg,Marble,Spain,"± 2,910 x 1,550 cm",± 2cm,A deep chocolate-brown marble from Spain with lighter brown veining and fine fossil detail. The darkest and richest of the Emperador dynasty.
Dior Gold,Dior d'Oro,dior-doro,Marble,339,dior_gold.png,Marble,Turkey,,,A warm golden marble with the refined elegance of haute couture. Honeyed tones with subtle movement create an atmosphere of exclusive luxury.
Antique Brown,Bruno Antico,bruno-antico,Marble,123,Antique_Brown_Marmer.jpg,Marble,Turkey,,,A warm brown marble with aged patina and cream veining suggesting centuries of history. Rustic nobility with artisanal character.
Golden Spider,Ragno d'Oro,ragno-doro,Marble,78,img-product-marble-yellow-1.jpg,Marble,Greece,"± 2,620 x 1,590 cm","± 1,8cm",A striking yellow marble with a web of golden-brown veining radiating across its surface. Precious and dramatic like spun gold.
Giallo Siena,Siena d'Oro,siena-doro,Marble,170,GIALLO_SIENA_MARMER.jpg,Marble,Italy,,,A vivid golden-yellow marble from the Tuscan hills of Siena. The warm amber glow of Italian sunset captured in stone.
Kryptonite,Kryptonite Verde,kryptonite-verde,Marble,399,,Marble,Brazil,+/- 289 x 194cm,± 2cm,A vivid green marble with extraordinary intensity and crystalline formations. Otherworldly beauty that glows with an almost supernatural luminescence.
Prada Green,Verde Couture,verde-couture,Marble,397,,Marble,Italy,+/- 274 x 194cm,± 2cm,A rich green marble with the sophisticated allure of Italian high fashion. Deep emerald tones with refined natural patterning.
Verde Venezia,Verde di Venezia,verde-di-venezia,Marble,371,,Marble,Italy,,± 2cm,A deep green marble evoking the algae-kissed canals of Venice. Rich aquatic tones with white veining like sunlight on water.
Lady Green Marble,Dama Verde,dama-verde,Marble,360,,Marble,India,+/- 178 x 135 cm,,A distinguished green marble with elegant white veining and a feminine grace. Where the forest meets the drawing room.
Long Island,Long Island Verde,long-island-verde,Marble,316,Long_Island.jpeg,Marble,Brazil,,2cm,A green marble with dramatic movement and warm brown undertones. The lush landscapes of the tropics compressed into stone.
Verde Alpi,Verde delle Alpi,verde-delle-alpi,Marble,287,IMG_20220606_095821.jpg,Marble,Italy,,,A deep forest-green marble from the Italian Alps with white serpentine veining. Ancient alpine forests preserved in mineral form.
Verde Patricia,Verde Patricia Nobile,verde-patricia-nobile,Marble,228,Verde_patricia_edt.jpg,Marble,India,,,A rich emerald-green marble with dramatic white veining creating bold contrast. A noble stone of commanding natural presence.
Alexandrina,Alessandrina Verde,alessandrina-verde,Marble,84,Granite-1.jpg,Marble,India,"+/- 2,600 x 1,950 cm",2cm,A dark green marble with fine crystalline texture and subtle lighter veining. Named for the ancient library city with scholarly gravitas.
Arizona Forest,Arizona Silvestre,arizona-silvestre,Marble,105,Arizona_Forez_Marmer_1.jpg,Marble,India,,,A richly veined green-brown marble evoking wild desert forests. Raw natural beauty with untamed geological character.
Rainforest Green,Foresta Verde,foresta-verde,Marble,107,Rainforest_Green_Marmer.jpg,Marble,India,,,A vivid green marble with dramatic darker veining like aerial views of deep jungle. Lush tropical exuberance in polished stone.
Golden Island,Isola d'Oro,isola-doro,Granite,103,,Granite,Brazil,"± 2,970 x 1,990 cm",± 2cm,A warm golden granite with amber and brown crystalline formations. Sun-drenched island beauty in enduring natural stone.
Golden Crystallo,Cristallo Dorato,cristallo-dorato,Granite,295,,Granite,Brazil,"± 3,190 x 1,950 cm",2cm,A sparkling golden granite with brilliant crystalline structure and warm amber tones. Precious metal beauty with the permanence of stone.
Titanium Black,Titanio Nero,titanio-nero,Granite,369,,Granite,Brazil,,± 2cm,An intensely dark granite with the metallic sheen of its industrial namesake. Virtually indestructible with a brooding sculptural presence.
Golden Himalaya,Himalaya d'Oro,himalaya-doro,Granite,259,,Granite,India,"± 2,890 x 1,930 cm",± 2cm,A warm golden granite with the majesty of the world's highest peaks. Rich amber tones with darker mineral inclusions.
Blue Galaxy,Galassia Blu,galassia-blu,Granite,21,,Granite,India,"+/- 3,030 x 1,690 cm",2cm,A deep blue-black granite scattered with brilliant metallic blue crystals like distant stars. The cosmos brought down to earth.
Titanium,Titanio Puro,titanio-puro,Granite,273,,Granite,Brazil,"+/- 3,300 x 1,990 cm",2cm,A powerful dark granite with metallic lustre and extraordinary density. Modern industrial strength meets natural geological beauty.
Breccia Imperiale,Breccia dell'Impero,breccia-dellimpero,Granite,307,,Granite,Brazil,"± 3,100 x 1,950 cm",± 2cm,A dramatic granite with bold fragmented patterns in warm golden and brown tones. Geological upheaval preserved as decorative art.
Diamond Galaxy Leather,Galassia Diamante Cuoio,galassia-diamante-cuoio,Granite,373,,Granite,India,+/- 324 x 204cm,± 2cm,A dark granite with diamond-like crystalline sparkle and a tactile leathered finish. Where celestial beauty meets earthly texture.
Angola Grey,Angola Grigio,angola-grigio,Granite,240,,Granite,Angola,,± 2cm,A consistent medium-grey granite with fine even grain and subtle sparkle. African stone of quiet strength and reliable beauty.
Titanium Gold,Titanio Oro,titanio-oro,Granite,300,,Granite,Brazil,,± 2cm,A dramatic granite combining dark titanium base with golden mineral highlights. Where industrial strength meets precious metal opulence.
Nero India Brushed,Nero India Spazzolato,nero-india-spazzolato,Granite,136,,Granite,India,"+/- 2,680 x 1,890 cm",2 cm,A deep black Indian granite with a brushed finish revealing subtle texture. Absolute darkness given tactile dimension.
Nero India Flamed,Nero India Fiammato,nero-india-fiammato,Granite,137,,Granite,India,"+/- 1,000 x 2,200 cm",2cm,A jet-black granite with a flamed textured surface creating subtle visual movement. Raw volcanic energy tamed for architectural use.
Diamond White,Diamante Bianco,diamante-bianco,Granite,226,,Granite,India,,,A luminous white granite with sparkling crystalline inclusions that catch the light. Diamond-like brilliance in natural stone form.
Cynatius,Cinazio Reale,cinazio-reale,Granite,101,,Granite,Brazil,,,A distinctive granite with rich warm tones and bold mineral patterning. Unique character that defies easy categorization.
Antique Brown Granite,Bruno Antico Granito,bruno-antico-granito,Granite,266,,Granite,Brazil,,,A warm brown granite with aged patina-like colouring and varied mineral content. Rustic warmth with enduring granite strength.
Multicolor Red Extra,Rosso Multicolore Extra,rosso-multicolore-extra,Granite,264,,Granite,India,,,An extraordinary granite with vibrant red and multicoloured mineral formations. Bold and expressive for daring design statements.
Black Sea,Mare Nero,mare-nero,Granite,100,,Granite,Turkey,,,A deep black granite with subtle grey undertones evoking the depths of its namesake sea. Mysterious and profound.
Metalicuso,Metallico Fuso,metallico-fuso,Granite,104,,Granite,Brazil,,,A granite with striking metallic appearance and fused mineral formations. Industrial beauty forged in geological furnaces.
Beola Argentata,Beola d'Argento,beola-dargento,Granite,2,,Granite,Italy,,,A silver-grey Italian granite with fine foliated texture and subtle sparkle. Alpine elegance with Mediterranean warmth.
Black Lactea,Lactea Nera,lactea-nera,Granite,24,,Granite,Brazil,,,A dramatic black granite with milky white and cream mineral formations floating like stars in dark space. Via Lactea in stone.
Solarius,Solaris Aureo,solaris-aureo,Granite,28,,Granite,Brazil,,,A warm golden granite with radiant crystalline structure evoking solar energy. The power and warmth of the sun in solid form.
Nacarado,Nacarato Perla,nacarato-perla,Granite,29,,Granite,Brazil,1222 x 1000 cm,,A lustrous granite with a pearlescent nacreous quality and warm beige tones. Mother-of-pearl elegance in granite form.
Bordeoux Red,Bordeaux Rubino,bordeaux-rubino,Granite,22,,Granite,Brazil,,,A rich burgundy granite with the deep warm tones of fine Bordeaux wine. Sophisticated and intoxicating in its depth of colour.
Blue Labradorite,Labradorite Azzurra,labradorite-azzurra,Granite,279,,Granite,Norway,"+/- 2,770 x 1,510 cm",2cm,"A spectacular granite with brilliant blue iridescent feldspar crystals. Mesmerizing optical play that shifts with viewing angle, like northern lights in stone."
Matrix,Matrice Cosmica,matrice-cosmica,Granite,30,,Granite,Brazil,1222 x 1000 cm,,A bold granite with interconnected mineral formations creating a cosmic web pattern. The building blocks of the universe made visible.
Elegant Brown Polished,Bruno Elegante Lucido,bruno-elegante-lucido,Granite,218,,Granite,India,,,A refined brown granite with warm chocolate tones and a mirror-polished finish. Understated luxury with natural depth.
Magma Gold,Magma d'Oro,magma-doro,Granite,31,,Granite,Brazil,1222 x 1000 cm,,A dramatic granite with golden and amber tones flowing like molten volcanic material. Primordial Earth energy captured in crystalline form.
Panorama,Panorama Infinito,panorama-infinito,Granite,25,,Granite,Brazil,"± 3,150 x 1,860 cm",2cm,A sweeping granite with vast colour movement across its surface creating landscape-like vistas. Each slab a geological panorama.
Kormuz,Ormuz Antico,ormuz-antico,Granite,242,,Granite,Brazil,,,A distinctive granite with warm brown and gold tones recalling ancient Persian trade routes. Exotic warmth with historical resonance.
Varde Fantastico,Verde Fantastico,verde-fantastico,Granite,141,,Granite,India,"+/- 2,520 x 1,820 cm",2cm,A green granite with fantastical swirling patterns in emerald and forest tones. Nature's most imaginative stone composition.
Woodstone,Legno Pietrificato,legno-pietrificato,Granite,143,,Granite,India,"± 3,070 x 1,850 cm",± 2cm,A remarkable granite that mimics the grain of aged timber in rich brown and amber tones. Where forest meets quarry in perfect illusion.
Dyna Blue,Dyna Azzurro,dyna-azzurro,Granite,309,,Granite,India,"± 2,730 x 2,010 cm",± 2cm,A vibrant blue granite with dynamic crystalline formations catching light at every angle. Electric energy in natural stone form.
Velvet White,Velluto Bianco,velluto-bianco,Granite,263,,Granite,Brazil,"± 3,110 x 1,900 cm",± 2cm,A soft white granite with a velvety visual texture and subtle cream mineral inclusions. Gentle luxury with granite durability.
Polaris,Polaris Stellare,polaris-stellare,Granite,294,,Granite,Brazil,"± 3,120 x 2,030 cm",2cm,A dramatic granite with bright mineral points scattered across a dark field like the North Star constellation. Navigational beauty in stone.
River White,Fiume Bianco,fiume-bianco,Granite,33,,Granite,India,1222 x 1000 cm,,A gentle white granite with flowing grey and burgundy mineral rivers crossing its surface. Serene movement with subtle colour.
Alpinus White,Alpinus Candido,alpinus-candido,Granite,277,,Granite,Brazil,,,A bright white granite with clean crystalline structure evoking alpine snowfields. Pure and fresh with mountain clarity.
Colonial Gold,Coloniale d'Oro,coloniale-doro,Granite,34,,Granite,India,1222 x 1000 cm,,A warm golden granite with rich amber and brown mineral formations. Old-world warmth with new-world exuberance.
Black Taurus,Toro Nero,toro-nero,Granite,271,,Granite,India,,,A powerful deep black granite with bull-like strength and presence. Absolute darkness with an imposing physicality.
Blue Safir,Zaffiro Blu,zaffiro-blu,Granite,222,,Granite,India,,,A precious blue granite with sapphire-like crystal formations that shimmer in the light. Where the quarry yields gemstone beauty.
Giallo California,California Gialla,california-gialla,Granite,258,,Granite,Brazil,,,A warm golden-yellow granite with the sunny optimism of the California coast. Bright and energetic with natural exuberance.
Black Forest,Selva Nera,selva-nera,Granite,215,,Granite,India,,,A deep green-black granite as dark and mysterious as the legendary forest. Ancient and primordial with hidden depth.
Red Flaminggo,Fenicottero Rosso,fenicottero-rosso,Granite,162,,Granite,Brazil,,,A vivid pink-red granite with the exotic warmth of tropical birds. Bold and expressive with passionate colour.
Splendor White,Splendore Bianco,splendore-bianco,Granite,140,,Granite,India,,,A brilliant white granite of splendid clarity with fine grey mineral formations. Radiant purity with enduring strength.
Elegant Brown,Bruno Raffinato,bruno-raffinato,Granite,102,,Granite,India,,,A refined brown granite with warm chocolate and caramel tones. Sophisticated warmth for timeless interior palettes.
Bianco Antique,Bianco Antiquo,bianco-antiquo,Granite,99,,Granite,Brazil,,,A warm white granite with aged golden and grey mineral patches. Antique character with timeless appeal.
Amazone,Amazzone Tropicale,amazzone-tropicale,Granite,147,,Granite,Brazil,,,A bold green granite with dramatic movement evoking the Amazonian rainforest. Wild natural beauty channelled into architectural stone.
Nero WaterJet,Nero Getto d'Acqua,nero-getto-dacqua,Granite,144,,Granite,India,"± 0,930 x 2,600 cm",2cm,A jet-black granite with a water-jet cut finish creating subtle surface texture. Pure darkness with tactile refinement.
Arctic Blue,Artico Blu,artico-blu,Granite,224,,Granite,Brazil,"+/- 3,370 x 1,580 cm",2 cm,A cool blue granite with icy mineral formations evoking frozen northern seas. Glacial beauty with crystalline clarity.
Viscone White,Visconte Bianco,visconte-bianco,Granite,142,,Granite,India,,,A noble white granite with flowing grey and burgundy mineral rivers. Aristocratic bearing with natural geological artistry.
Butterfly Green,Farfalla Verde,farfalla-verde,Granite,257,,Granite,Brazil,,,A vivid green granite with wing-like mineral formations in emerald and gold. Delicate beauty in robust stone form.
Cristallo Del Mare,Cristallo Marino,cristallo-marino,Granite,293,,Granite,Brazil,"+/- 3,220 X 1,990 cm",2cm,A sparkling granite with sea-inspired blue and green crystalline formations. The depths of the ocean rendered in stone.
Splendor Silver,Splendore Argento,splendore-argento,Granite,139,,Granite,India,,,A luminous silver granite with fine crystalline sparkle across its surface. Moonlit elegance with enduring natural strength.
Splendor Gold,Splendore Oro,splendore-oro,Granite,138,,Granite,India,,,A radiant golden granite with warm amber crystalline formations. Sunlit opulence in the most durable of natural stones.
Blue Bahia,Bahia Zaffiro,bahia-zaffiro,Granite,290,,Granite,Brazil,"+/- 3,330 x 1,940 cm",2 cm,One of the world's most precious granites with brilliant blue sodalite crystals on a dark ground. Breathtaking rarity from Bahia.
Multicolor Marinace,Marinace Multicolore,marinace-multicolore,Granite,91,,Granite,Brazil,,,A spectacular conglomerate granite with rounded river stones in multiple colours embedded in a natural matrix. Geological art of extraordinary character.
Matrix Corteccia,Matrice Corteccia,matrice-corteccia,Granite,219,,Granite,Brazil,,,A textured granite with bark-like mineral patterns in warm brown and grey tones. Where stone remembers the forest.
Patagonia Multicolor,Patagonia Prismatica,patagonia-prismatica,Quartzite,401,,Quartzite,Brazil,,2cm,A multicoloured quartzite with prismatic mineral formations in warm earth tones. The vast Patagonian landscape compressed into each slab.
Meteo,Meteora Celeste,meteora-celeste,Quartzite,385,,Quartzite,Brazil,+/- 264 x 164cm,± 2cm,A dramatic quartzite with atmospheric movement and celestial patterning. Like watching weather systems from space.
Alaska White,Alaska Boreale,alaska-boreale,Quartzite,382,,Quartzite,Brazil,+/- 300 X 196cm,± 2cm,A pristine white quartzite with the frozen clarity of Alaskan wilderness. Pure and resilient with northern light luminosity.
Ristretto Leather,Ristretto Cuoio,ristretto-cuoio,Quartzite,388,,Quartzite,Brazil,+/- 313 x 196cm,± 2cm,A rich brown quartzite with leathered finish and espresso tones. The concentrated intensity of Italian coffee culture in stone.
Golden Blue,Oro Azzurro,oro-azzurro,Quartzite,39,,Quartzite,Brazil,"± 3,350 x 1,810 cm",± 2cm,A remarkable quartzite blending golden warmth with cool blue mineral veining. Where sunrise meets the sea in geological form.
Ice Lake,Lago Ghiacciato,lago-ghiacciato,Quartzite,153,,Quartzite,Brazil,,± 2cm,A cool white quartzite with icy blue-grey undertones evoking frozen alpine lakes. Crystal clarity with glacial serenity.
Montebello,Montebello Splendido,montebello-splendido,Quartzite,367,,Quartzite,Brazil,,± 2cm,A magnificent quartzite with warm golden tones and dramatic movement. Named for the beautiful mountain with matching grandeur.
Pistaschio,Pistacchio Naturale,pistacchio-naturale,Quartzite,387,,Quartzite,Brazil,+/- 323 x 197cm,± 2cm,A distinctive quartzite with subtle green tones reminiscent of Sicilian pistachios. Fresh and unique with Mediterranean character.
Eternity,Eternità Cristallina,eternita-cristallina,Quartzite,377,,Quartzite,Brazil,+/- 323 x 197 cm,± 2cm,A timeless quartzite of extraordinary clarity and enduring beauty. Created over aeons with a permanence worthy of its name.
London Black,Londra Nera,londra-nera,Quartzite,379,,Quartzite,Brazil,+/- 324 x 194cm,± 2cm,A sophisticated dark quartzite with the urbane elegance of the British capital. Deep charcoal tones with metropolitan refinement.
White Crystal Quartz,Cristallo Bianco Puro,cristallo-bianco-puro,Quartzite,381,,Quartzite,Brazil,+/- 245 x 123cm,± 2cm,A brilliantly white quartzite of crystalline purity and remarkable translucency. The purest expression of quartz in architectural stone.
Chantily,Chantilly Crema,chantilly-crema,Quartzite,378,,Quartzite,Brazil,+/- 329 x 190cm,± 2cm,A delicate cream quartzite with the soft sweetness of French Chantilly. Light and airy with gentle warm undertones.
Pink Quartz,Quarzo Rosa,quarzo-rosa,Quartzite,380,,Quartzite,Brazil,+/- 245 x 122cm,± 2cm,A soft pink quartzite with gentle rosy tones and crystalline sparkle. Romantic and feminine with remarkable natural hardness.
Montblanc,Monte Bianco Quarzo,monte-bianco-quarzo,Quartzite,384,,Quartzite,Brazil,+/- 340 x 199cm,± 2cm,A majestic white quartzite with subtle grey veining evoking Europe's highest peak. Alpine purity with geological strength.
Patagonia Green,Patagonia Verde,patagonia-verde,Quartzite,386,,Quartzite,Brazil,+/- 287 x 181cm,± 2cm,A rich green quartzite with dramatic movement evoking Patagonian wilderness. Untamed natural beauty in enduring stone.
Army Green,Verde Militare,verde-militare,Quartzite,395,,Quartzite,Brazil,+/- 315 x 176cm,± 2cm,A robust green quartzite with disciplined patterning and strong presence. Commanding authority with natural camouflage beauty.
Porto Venere,Porto Venere Splendido,porto-venere-splendido,Quartzite,310,,Quartzite,Brazil,"± 3.060 x 1,960 cm",± 3cm,A stunning quartzite named for the jewel of the Italian Riviera. Rich warm tones with dramatic geological movement.
Patagonia Black,Patagonia Nera,patagonia-nera,Quartzite,305,,Quartzite,Brazil,,± 2cm,A dark dramatic quartzite with the wild intensity of Patagonian nights. Deep and powerful with untamed geological energy.
Sky Glass,Vetro Celeste,vetro-celeste,Quartzite,356,,Quartzite,Brazil,,,A translucent quartzite with sky-blue clarity and glass-like luminosity. Where stone transcends its earthly nature.
Patagonia White,Patagonia Bianca,patagonia-bianca,Quartzite,357,,Quartzite,Brazil,,,A bright white quartzite with the vastness of Patagonian snowfields. Clean and expansive with natural mineral warmth.
Oyster Green,Ostrica Verde,ostrica-verde,Quartzite,306,,Quartzite,Brazil,"± 3,110 x 1,810 cm",± 2cm,A subtle green quartzite with the pearlescent quality of oyster shells. Organic beauty with iridescent depth.
Super White,Bianco Supremo,bianco-supremo,Quartzite,237,,Quartzite,Brazil,,,An exceptionally white quartzite of supreme purity and clarity. The ultimate white stone for uncompromising design visions.
Nevel Grey,Nebbia Grigia,nebbia-grigia,Quartzite,243,,Quartzite,Brazil,,,A misty grey quartzite with soft atmospheric quality and gentle tonal variation. Like walking through morning fog.
Taj Mahal,Taj Mahal Quarzo,taj-mahal-quarzo,Quartzite,244,,Quartzite,Brazil,"± 3,210 x 1,860 cm",± 3cm,A warm cream quartzite with golden veining evoking the world's most famous monument. Eternal beauty in natural stone form.
Azurite,Azzurrite Splendida,azzurrite-splendida,Quartzite,276,,Quartzite,Brazil,,,A vivid blue quartzite with intense mineral coloration and dramatic depth. Semi-precious beauty at architectural scale.
Bianco Espere,Bianco Speranza,bianco-speranza,Quartzite,278,,Quartzite,Brazil,"± 2,970 x 1,860 cm",± 2cm,A hopeful white quartzite with gentle movement and warm undertones. Clean beauty with quiet optimism.
Bianco Superior,Bianco Superiore,bianco-superiore,Quartzite,35,,Quartzite,Brazil,,,A premium white quartzite of exceptional quality and consistent tone. Superior in name and nature for demanding installations.
Botanical Green,Verde Botanico,verde-botanico,Quartzite,36,,Quartzite,Brazil,,,A lush green quartzite with organic patterns evoking tropical botanical gardens. Where geology and botany converge beautifully.
Opus White,Opus Bianco,opus-bianco,Quartzite,155,,Quartzite,Brazil,"± 3,290 x 1,690 cm",± 2cm,A refined white quartzite with subtle grey veining creating masterwork patterns. Each slab a geological opus of natural artistry.
Malbec,Malbec Profondo,malbec-profondo,Quartzite,154,,Quartzite,Brazil,,,A deep burgundy quartzite with the rich intensity of Argentine Malbec wine. Intoxicating depth for bold interior statements.
Da Vinci Green,Da Vinci Verde,da-vinci-verde,Quartzite,152,,Quartzite,Brazil,,,A green quartzite worthy of the Renaissance master with complex layered colouring. Genius-level geological composition.
Patagonia,Patagonia Naturale,patagonia-naturale,Quartzite,156,,Quartzite,Brazil,,,A warm earth-toned quartzite with the vast character of the South American wilderness. Raw and authentic with natural mineral beauty.
Crytos,Cripto Minerale,cripto-minerale,Quartzite,151,,Quartzite,Brazil,"± 3,170 x 1,970 cm",± 2cm,A mysterious quartzite with hidden mineral depths that reveal themselves under changing light. Encrypted beauty in crystalline form.
Cristallo Tropical,Cristallo Tropicale,cristallo-tropicale,Quartzite,150,,Quartzite,Brazil,,,A sparkling quartzite with warm tropical colouring and crystalline clarity. Brazilian sunshine captured in geological splendour.
Thannos,Thanos Titanico,thanos-titanico,Quartzite,158,,Quartzite,Brazil,,,A powerful quartzite of extraordinary presence and dark intensity. Commanding and inevitable in its visual dominance.
Blue Ondulato Quartzite,Ondulato Quarzo Blu,ondulato-quarzo-blu,Quartzite,149,,Quartzite,Brazil,"± 3,150 x 1,850 cm",± 2cm,An undulating blue quartzite with wave-like mineral patterns creating mesmerizing movement. The ocean's rhythm in crystalline stone.
White Macaubas,Macaubas Bianco,macaubas-bianco,Quartzite,161,,Quartzite,Brazil,,,A luminous white quartzite from Brazil's Macaubas region with subtle grey veining. Pure Brazilian beauty with exceptional durability.
Aurora Barealis,Aurora Boreale,aurora-boreale,Quartzite,146,,Quartzite,Brazil,"+/- 3,420 x 1,980 cm",2 cm,A spectacular quartzite with shimmering colour shifts evoking the Northern Lights. Nature's most magical light show frozen in stone.
Giallo Aurora,Aurora Gialla,aurora-gialla,Quartzite,145,,Quartzite,Brazil,"+/- 2,790 x 1,686 cm",2cm,A warm golden quartzite with the radiant glow of dawn breaking over the horizon. Morning light made permanent in stone.
Red Tempest,Tempesta Rossa,tempesta-rossa,Quartzite,43,,Quartzite,Brazil,,,A dramatic red quartzite with swirling tempestuous patterns in crimson and burgundy. Passionate intensity in the hardest of natural stones.
Deep Blue,Blu Profondo,blu-profondo,Quartzite,37,,Quartzite,Brazil,"2,980 x 1,940 cm",2cm,A richly saturated blue quartzite of extraordinary depth and intensity. The deepest ocean rendered in enduring stone.
Fusion,Fusione Primordiale,fusione-primordiale,Quartzite,38,,Quartzite,Brazil,1222 x 1000 cm,,A dynamic quartzite where multiple mineral elements fuse into dramatic visual compositions. Geological alchemy at its most expressive.
Vibranium,Vibranio Eterno,vibranio-eterno,Quartzite,160,,Quartzite,Brazil,,,A powerful quartzite with extraordinary visual intensity and crystalline energy. Virtually indestructible with otherworldly presence.
New Portoro Gold,Portoro Nuovo Dorato,portoro-nuovo-dorato,Quartzite,40,,Quartzite,Brazil,1222 x 1000 cm,,A golden quartzite with dramatic black and gold patterning inspired by the legendary Portoro. New-world exuberance with old-world reference.
Platinus,Platino Minerale,platino-minerale,Quartzite,41,,Quartzite,Brazil,1222 x 1000 cm,,A cool silvery quartzite with platinum-like metallic undertones. Precious metal beauty with the permanence of natural stone.
Elite Brown Leather,Elite Bruno Cuoio,elite-bruno-cuoio,Quartzite,42,,Quartzite,Brazil,1222 x 1000 cm,,A premium brown quartzite with leathered finish creating rich tactile warmth. Where stone becomes as inviting as aged leather.
Zurich,Zurigo Minerale,zurigo-minerale,Quartzite,46,,Quartzite,Brazil,1222 x 1000 cm,,A refined quartzite with Swiss precision in its mineral composition. Clean and dependable with understated alpine elegance.
Sequoia Brown Leather,Sequoia Cuoio,sequoia-cuoio,Quartzite,44,,Quartzite,Brazil,,,A warm brown quartzite with leathered texture evoking ancient redwood forests. Timeless as the trees that inspire its name.
Ice Age Onyx,Glaciale Onice,glaciale-onice,Onyx,337,,Onyx,Turkey,,,A translucent onyx with icy white and grey tones evoking prehistoric glacial landscapes. Ethereal and luminous when backlit.
Himalayan Onyx,Himalaya Onice,himalaya-onice,Onyx,361,,Onyx,Pakistan,± 311 x 136cm,± 2cm,A warm translucent onyx with honey and amber tones from the foothills of the Himalayas. Sacred mountain light captured in stone.
Alabaster Onyx,Alabastro Onice,alabastro-onice,Onyx,338,,Onyx,Turkey,,,A creamy white onyx with alabaster-like translucency and soft warm veining. Ancient Egyptian luxury in luminous stone.
White Jade Onyx,Giada Bianca Onice,giada-bianca-onice,Onyx,134,,Onyx,Pakistan,"± 2,280 x 1,630 cm",± 2cm,A luminous white onyx with jade-like translucency and subtle green undertones. Where Eastern mysticism meets Western luxury.
Sunset Blue Onyx,Tramonto Azzurro Onice,tramonto-azzurro-onice,Onyx,225,,Onyx,Iran,"+/- 2,490 X 1,730 cm",1.88 - 2 cm,A rare onyx blending sunset oranges with twilight blues in translucent layers. The magic hour captured in luminous stone.
White Blossom Onyx,Fiore Bianco Onice,fiore-bianco-onice,Onyx,50,,Onyx,Turkey,"± 2,360 x 1,420 cm",± 2cm,A delicate white onyx with soft petal-like formations in cream and pale pink. Floral beauty frozen in translucent stone.
Silk Road Traonix,Via della Seta Onice,via-della-seta-onice,Onyx,288,,Onyx,Iran,"+/- 2,650 x 1,52 cm",2 cm,A warm-toned onyx with flowing silk-like veining in honey and amber. Ancient trade route beauty in luminous stone form.
Orange Onyx,Arancio Luminoso,arancio-luminoso,Onyx,130,,Onyx,Pakistan,"± 2,720 x 1,010 cm",± 2cm,A vivid orange onyx with brilliant warm tones that glow with inner fire when backlit. Pure citrus warmth in translucent stone.
Luxious,Lussuoso Primo,lussuoso-primo,Onyx,301,,Onyx,Turkey,"± 2,560 x 1,600 cm",± 2cm,An extraordinarily luxurious onyx with rich honey and amber translucency. The embodiment of opulence in natural stone.
Multicolor Onyx,Prisma Onice,prisma-onice,Onyx,220,,Onyx,Pakistan,,,A spectacular onyx displaying multiple colours in translucent layers like a geological prism. Every angle reveals new chromatic beauty.
Rainbow Onyx,Arcobaleno Onice,arcobaleno-onice,Onyx,315,,Onyx,Pakistan,"+/- 2,81 x 150 cm",2 cm,A vibrant onyx with rainbow-like colour bands in warm translucent layers. Nature's full spectrum rendered in luminous stone.
Travertine Onyx,Onice Travertino,onice-travertino,Onyx,166,,Onyx,Turkey,"+/- 2,070 x 1,380 cm",2cm,A warm onyx with travertine-like banding in honey and cream tones. Combines the translucency of onyx with travertine's organic warmth.
Luxious 2,Lussuoso Secondo,lussuoso-secondo,Onyx,47,,Onyx,Turkey,"± 2,840 x 1,440 cm",± 2cm,A second selection of supreme luxury onyx with deeper amber tones and richer translucency. Unapologetic opulence in stone.
Green Blossom Onyx,Fiore Verde Onice,fiore-verde-onice,Onyx,128,,Onyx,Pakistan,"± 2,720 x 1,980 cm",± 2cm,A verdant onyx with green translucent layers like sunlight through spring leaves. Fresh and alive with botanical luminosity.
Coffee Onyx,Caffè Onice,caffe-onice,Onyx,127,,Onyx,Pakistan,"±1,870 x 1,630 cm",± 2cm,A rich brown onyx with warm coffee tones and honey translucency. The depth of espresso in luminous stone.
Blue Velvet Onyx,Velluto Blu Onice,velluto-blu-onice,Onyx,270,,Onyx,Iran,"+/- 2,140 x 1,500 cm","1,8 cm",A rare blue onyx with velvet-like depth and soft luminous quality. Among the most coveted stones in the world.
Blue Water Onyx,Acqua Blu Onice,acqua-blu-onice,Onyx,126,,Onyx,Iran,,,A translucent blue onyx with the clarity of Caribbean waters. Liquid beauty suspended in crystalline stone.
Green Jade Onyx,Giada Verde Onice,giada-verde-onice,Onyx,129,,Onyx,Pakistan,,,A rich green onyx with jade-like translucency and deep emerald tones. Eastern serenity in luminous Western form.
Wooden Onyx,Legno Onice,legno-onice,Onyx,274,,Onyx,Pakistan,"+/- 1,880 X 1,780 cm","1,8cm",A warm brown onyx with wood-grain patterns in amber and honey translucent layers. Where forest and crystal converge.
Perla Venata Onyx,Perla Venata Onice,perla-venata-onice,Onyx,131,,Onyx,Turkey,,,A pearlescent onyx with elegant veining in cream and soft grey tones. Understated luxury with luminous inner glow.
Tiger Onyx,Tigre Onice,tigre-onice,Onyx,133,,Onyx,Pakistan,"± 2,030 x 1,120 cm","± 1,8 - 2 cm",A bold onyx with dramatic amber and brown striping like tiger fur. Fierce beauty with translucent intensity.
Serenity Onyx,Serenità Onice,serenita-onice,Onyx,132,,Onyx,Turkey,,,A calm onyx with peaceful cream and soft grey translucent layers. Meditative beauty that quiets the mind.
White Onyx,Bianco Onice,bianco-onice,Onyx,135,,Onyx,Turkey,"± 2,380 x 1,590 cm",,A pristine white onyx of remarkable purity and soft luminous translucency. The essence of light made solid in stone.
Travertine Blue,Travertino Azzurro,travertino-azzurro,Travertine,262,,Travertine,Turkey,"± 2,760 x 1,610 cm",± 2cm,A rare blue travertine with soft aquatic tones and characteristic texture. Where ancient thermal waters left their most beautiful mark.
Travertine Silver,Travertino Argento,travertino-argento,Travertine,167,,Travertine,Turkey,"± 2,680 x 1,300 cm",± 2cm,A cool silver travertine with elegant grey tones and subtle surface texture. Modern minimalism in one of the world's oldest building stones.
Travertine Romano Classic,Travertino Romano Classico,travertino-romano-classico,Travertine,317,,Travertine,Italy,± 251 x 161 cm,± 2cm,The quintessential Roman travertine with warm ivory tones and characteristic pitting. The stone that built the Colosseum brought to modern interiors.
Travertine Light Beige,Travertino Beige Chiaro,travertino-beige-chiaro,Travertine,54,,Travertine,Turkey,"± 2,400 x 1,780 cm",± 2cm,A soft beige travertine with gentle warm tones and natural surface character. Timeless Mediterranean beauty in its purest form.
Travertine Romano Classico,Travertino della Capitale,travertino-della-capitale,Travertine,57,,Travertine,Italy,"+/- 3,180 x 1,380 cm",2cm,A classic Italian travertine from the quarries that supplied Imperial Rome. Warm ivory with the weight of twenty centuries of architectural history.
White Travertine,Travertino Neve,travertino-neve,Travertine,359,,Travertine,Turkey,,,A pristine white travertine of remarkable lightness and purity. Clean and bright with the organic texture that defines travertine.
Travertine Classic Grey,Travertino Grigio Classico,travertino-grigio-classico,Travertine,330,,Travertine,Turkey,± 270 x 196 cm,2cm,A distinguished grey travertine with classic surface character and cool sophisticated tone. Contemporary elegance rooted in ancient stone traditions.
Travertine Mystic Grey,Travertino Mistico,travertino-mistico,Travertine,165,,Travertine,Turkey,"± 2,990 x 1,420 cm",± 2cm,A mysterious grey travertine with moody tonal variations and atmospheric depth. Where ancient geology meets modern mystique.
Travertine Red,Travertino Rosso,travertino-rosso,Travertine,53,,Travertine,Iran,,± 2cm,A rare red travertine with warm terracotta and crimson tones. Ancient Persian thermal deposits yielding stone of passionate warmth.
Serpe Walnut Kembang,Serpe Noce Fiorito,serpe-noce-fiorito,Limestone,312,Serpe_Walnut_Marmer.jpg,Limestone,Indonesia,,± 2cm,A distinctive limestone with flowing walnut-brown veining and floral patterns. Indonesian craftsmanship in natural geological form.
Maranello Beige Limestone,Maranello Calcare Beige,maranello-calcare-beige,Limestone,331,Maranello_Beige.jpg,Limestone,Indonesia,"± 3,160 x 1,590 cm",± 2cm,A warm beige limestone with subtle texture and consistent colouring. Understated Italian-inspired elegance in a durable sedimentary stone.
Loen Grey,Loen Grigio,loen-grigio,Limestone,311,000.jpeg,Limestone,Indonesia,"± 2,870 x 1,600 cm",± 2cm,A refined grey limestone with clean contemporary character. Cool Scandinavian minimalism expressed in warm tropical stone.
Paloma,Paloma Calcare,paloma-calcare,Limestone,296,Paloma_Lime_Stone.jpg,Limestone,Indonesia,"± 2,920 x 1,680 cm",± 2cm,A dove-grey limestone with soft warm undertones and gentle texture. Peaceful and contemplative like its dove namesake.
Moca Cream,Moca Crema,moca-crema,Limestone,236,Mocca_Cream_edt.jpg,Limestone,Portugal,"± 3,170 x 1,690 cm",2cm,A warm cream limestone with fine fossil texture and consistent golden tone. Portuguese coastal beauty in elegant sedimentary form.
Serpe Walnut,Serpe Noce,serpe-noce,Sandstone,125,Serpe_Welnut_edt.jpg,Sandstone,Indonesia,"+/- 2,520 x 1,340 cm",2cm,A warm walnut-toned sandstone with sinuous veining and natural texture. Organic warmth with the character of aged wood grain.
Laurent White,Laurent Bianco,laurent-bianco,Neolith,358,Laurent_White.png,Neolith,,,,A refined white sintered stone with elegant grey veining inspired by classic marble aesthetics. Contemporary engineering meets timeless design.
Eagle,Aquila Imperiale,aquila-imperiale,Neolith,299,Eagle_EGC001.jpg,Neolith,,"± 2,600 x 1,200 cm",± 1cm,A bold sintered stone with dramatic veining patterns soaring across a warm base. Engineered precision with the spirit of natural stone.
Paviya White,Pavia Bianca,pavia-bianca,Neolith,298,Paviya_White_blok_PW001.jpg,Neolith,,"± 2,600 x 1,200 cm",± 1cm,A clean white sintered stone with subtle veining inspired by Italian marble traditions. Modern technology honouring ancient stone craft.
Peacock,Pavone Splendido,pavone-splendido,Neolith,297,peacock.jpg,Neolith,,"± 3,200 x 1,600 cm",± 1cm,A vibrant sintered stone with rich colour play reminiscent of peacock plumage. Bold iridescent beauty in an engineered format.
